-- Script para la generación de un pequeño esquema de Empleados que Trabajan en Empresas.

CREATE TABLE EMPRESA(
  cif_empresa VARCHAR2 (9) NOT NULL,
  nombre VARCHAR2 (20) NOT NULL,
  sector VARCHAR2 (20) NOT NULL
);
ALTER TABLE EMPRESA ADD CONSTRAINT EMPRESA_PK PRIMARY KEY
(
  cif_empresa
)
;

CREATE TABLE EMPLEADO(
  nif_empleado VARCHAR2 (9) NOT NULL,
  nombre VARCHAR2 (20) NOT NULL,
  apellidos VARCHAR2 (20) NOT NULL
);
ALTER TABLE EMPLEADO ADD CONSTRAINT EMPLEADO_PK PRIMARY KEY
(
  nif_empleado
)
;

CREATE TABLE TRABAJAR (
  empresa_cif_empresa VARCHAR2 (9) NOT NULL,
  empleado_nif_empleado VARCHAR2 (9) NOT NULL
);

ALTER TABLE TRABAJAR ADD CONSTRAINT TRABAJAR_PK PRIMARY KEY
(
  empresa_cif_empresa, empleado_nif_empleado
)
;
ALTER TABLE TRABAJAR ADD CONSTRAINT FK_TRABAJAR_1 FOREIGN KEY ( empresa_cif_empresa ) REFERENCES EMPRESA ( cif_empresa ) ;

ALTER TABLE TRABAJAR ADD CONSTRAINT FK_TRABAJAR_2 FOREIGN KEY ( empleado_nif_empleado ) REFERENCES EMPLEADO ( nif_empleado ) ;

INSERT INTO EMPRESA VALUES ('78695949T','Apple','Informatica');
INSERT INTO EMPRESA VALUES ('12345678G','Patatas Pepe','Comestibles');
INSERT INTO EMPRESA VALUES ('43253567Y','Microsoft','Informatica');
INSERT INTO EMPRESA VALUES ('28494753X','Nestle','Comestibles');
INSERT INTO EMPRESA VALUES ('14535674D','Pascual','Comestibles');
INSERT INTO EMPRESA VALUES ('65543345B','Mercedes Benz','Automovil');
INSERT INTO EMPRESA VALUES ('23678356S','BMW','Automovil');
INSERT INTO EMPRESA VALUES ('98645673K','Coca Cola','Refrescos');
INSERT INTO EMPRESA VALUES ('23564767L','Gallina Blanca','Pastas');
INSERT INTO EMPRESA VALUES ('45367864C','Campofrio','Embutidos');

INSERT INTO EMPLEADO VALUES ('78695949P','Juan','Teatino Larios');
INSERT INTO EMPLEADO VALUES ('12345678O','Pepe','Fernandez Dominguez');
INSERT INTO EMPLEADO VALUES ('43253567I','Antonio','Benavides Sanchez');
INSERT INTO EMPLEADO VALUES ('28494753U','Daniel','Ortega Castellon');
INSERT INTO EMPLEADO VALUES ('14535674Y','Pascual','Sanchez Verde');
INSERT INTO EMPLEADO VALUES ('65543345T','Mercedes','Goya Gomez');
INSERT INTO EMPLEADO VALUES ('23678356R','Roberto','Fornieles Gongora');
INSERT INTO EMPLEADO VALUES ('98645673E','Pablo','Barranco Sanchez');
INSERT INTO EMPLEADO VALUES ('23564767W','Blanca','Zorrilla España');
INSERT INTO EMPLEADO VALUES ('45367864G','Cebollinpop','Marruecos Perez');

INSERT INTO TRABAJAR VALUES ('78695949T', '12345678O');
INSERT INTO TRABAJAR VALUES ('12345678G', '78695949P');
INSERT INTO TRABAJAR VALUES ('43253567Y', '98645673E');
INSERT INTO TRABAJAR VALUES ('28494753X', '65543345T');
INSERT INTO TRABAJAR VALUES ('14535674D', '23564767W');
INSERT INTO TRABAJAR VALUES ('65543345B', '28494753U');
INSERT INTO TRABAJAR VALUES ('23678356S', '14535674Y');
INSERT INTO TRABAJAR VALUES ('98645673K', '23678356R');
INSERT INTO TRABAJAR VALUES ('23564767L', '45367864G');
INSERT INTO TRABAJAR VALUES ('45367864C', '43253567I');
